title	dur	artist	album	value	dAdded
Broken Arrows	3:53	Avicii	Stories	46	2015-10-03, 3:01 AM
ray feat. Hatsune Miku	5:01	BUMP OF CHICKEN	ray - Single	45	2014-11-21, 6:03 PM
Connection	4:07	livetune	DECORATOR EP	45	2014-10-31, 1:42 AM
Packaged (Shipping in 2013 remix)	4:54	livetune	DECORATOR EP	42	2014-10-31, 1:42 AM
내 집에서 나가 (Feat. 권정열 Of 10cm)	3:23	Hyuna	A+	41	2015-08-21, 3:16 PM
ME!ME!ME! Part 3	2:38	TeddyLoid	ME!ME!ME! feat. daoko - Single	38	2015-06-16, 5:50 PM
Run & Run (Intro)	1:31	Hyuna	A+	37	2015-08-21, 3:16 PM
monochrome	6:09	綾倉盟	Blossom	36	2015-05-17, 3:31 AM
Pink or Black	3:06	livetune	DECORATOR EP	35	2014-10-31, 1:42 AM
부르즈 할리파 (Feat. 얀키, 개코)	4:26	Epik High	Shoebox	34	2015-06-13, 12:57 PM
없구나 LONELY	4:05	B1A4	Who Am I	31	2014-11-04, 10:51 PM
Mental Breaker	3:29	Block B	Blockbuster	31	2014-12-24, 6:14 PM
Shinonome Scrumble (feat. Hatsune Miku)	4:44	Dixie Flatline	Fragments	31	2012-07-09, 11:43 PM
여자 대통령	3:33	Girl's Day	여자 대통령	29	2015-07-01, 5:25 PM
GOOD BOY	4:05	GD X TAEYANG	GOOD BOY	28	2015-05-17, 3:48 PM
Masked bitcH (colate remix)	5:38	ギガP	colate remix works	28	2015-01-27, 11:41 AM
잘나가서 그래 (Feat. 정일훈 Of BTOB)	3:23	Hyuna	A+	27	2015-08-21, 3:16 PM
얼음 땡 (Ice Ice) (Feat. 육지담)	3:17	Hyuna	A+	27	2015-08-21, 3:16 PM
DECORATOR	3:25	livetune	DECORATOR EP	27	2014-10-31, 1:42 AM
Good Goodbye	3:46	ONE OK ROCK	35xxxv	27	2015-05-21, 3:43 PM
Years of War (feat. Breanne Duren & Sean Caskey)	3:56	Porter Robinson	Worlds	27	2015-01-02, 5:00 PM
Zutter (GD & T.O.P)	3:14	BIGBANG	M A D E - Singles	26	2015-08-05, 2:00 AM
Jackpot	3:13	Block B	HER	26	2015-01-20, 1:24 PM
12월의 기적 Miracles in December	4:33	EXO	Miracles in December	26	2014-10-31, 3:10 AM
Sober	3:58	BIGBANG	M A D E - Singles	24	2015-07-01, 5:34 PM
Tenerife Sea	4:01	Ed Sheeran	x (Deluxe Edition)	24	2014-11-09, 1:29 PM
Ray (feat. Hatsune Miku)	5:36	livetune	To	24	2014-12-04, 4:57 PM
What's Happening	3:20	B1A4	이게 무슨 일이야	23	2014-11-04, 10:51 PM
Heart	2:47	IU	Heart - Single	23	2015-06-15, 3:33 PM
솔직히 까고말해	3:34	Psy	PSY FIVE	23	2014-11-01, 12:42 AM
헤픈엔딩 (Feat. 조원선 of 롤러코스터)	4:24	Epik High	Shoebox	22	2015-06-13, 12:57 PM
또 싸워 (Feat. 윤하)	4:11	Epik High	Shoebox	22	2015-06-13, 12:57 PM
BORN HATER (Feat. 빈지노, 버벌진트, B.I, MINO, BOBBY)	5:27	Epik High	Shoebox	22	2015-06-13, 12:57 PM
We Like 2 Party	3:16	BIGBANG	M A D E - Singles	21	2015-06-29, 1:43 PM
LIFE IS GOOD (Feat. 박재범)	3:20	Epik High	Shoebox	21	2015-06-13, 12:57 PM
오늘밤새	3:45	Psy	PSY FIVE	21	2014-11-01, 12:42 AM
Find Me feat. Hatsune Miku	3:59	八王子P	Twinkle World	21	2014-10-31, 1:46 AM
길이나 Anyway	3:09	Akdong Musician	Play	20	2014-11-01, 1:22 AM
YOU ARE MY GIRL	3:42	B1A4	IGNITION	20	2014-11-04, 10:46 PM
나비소녀 Don't Go	3:34	EXO	XOXO (Repackage)	20	2014-10-31, 3:07 AM
Stockholm feat. Megurine Luka (ストックホルム)	4:08	八王子P	Twinkle World	20	2014-10-31, 1:46 AM
가르마 Hair Part	3:46	Akdong Musician	Play	19	2014-11-01, 1:22 AM
RICH (Feat. 태양)	4:17	Epik High	Shoebox	19	2015-06-13, 12:57 PM
나의 옛날이야기	3:34	IU	Flower Bookmark	19	2014-11-01, 2:14 AM
Yellow (Re:Dialed)	3:21	livetune	Re:Dial	19	2014-12-04, 4:59 PM
Seikan Hikou	3:54	Nakajima Megumi	Macross Frontier Original Soundtrack 2 - Nyan Tora.	19	2014-11-21, 5:41 PM
까탈레나 (Catallena)	3:13	Orange Caramel	The Third Single Catallena	19	2014-10-31, 3:14 AM
인공잔디 Artificial Grass	3:46	Akdong Musician	Play	18	2014-11-01, 1:22 AM
Galaxy	2:59	Akdong Musician	Play	18	2014-11-01, 1:22 AM
Bang Bang Bang	3:40	BIGBANG	M A D E - Singles	18	2015-06-29, 1:43 PM
Afire Love	5:14	Ed Sheeran	x (Deluxe Edition)	18	2014-11-09, 1:29 PM
막을 올리며	4:34	Epik High	Shoebox	18	2015-06-13, 12:57 PM
와리가리  	3:48	hyukoh	22	18	2015-08-11, 11:00 PM
너랑 나 You & I	4:00	IU	Last Fantasy	18	2011-11-29, 5:05 AM
On The Way Home	4:00	John Mayer	Paradise Valley	18	2014-12-24, 6:33 PM
GAME OVER	4:06	八王子P	ViViD WAVE	18	2014-10-31, 8:56 PM
200%	3:13	Akdong Musician	Play	17	2014-11-01, 1:22 AM
It's Time	3:58	Imagine Dragons	Night Visions	17	2014-11-01, 1:19 AM
비밀 Secret	4:05	IU	Last Fantasy	17	2011-11-29, 5:05 AM
Drop To Hold You	3:39	Matt Nathanson	Modern Love	17	2014-11-15, 8:51 PM
나쁜놈	3:46	Mighty Mouth	나쁜놈	17	2014-11-01, 12:57 AM
Tokyo (feat. SEKAI NO OWARI)	3:40	Owl City	Tokyo (feat. SEKAI NO OWARI) - Single	17	2014-12-04, 5:25 PM
Shout Out (Synth Rock Ver.)	3:07	Royal Pirates	Shout Out	17	2014-10-31, 2:23 PM
NaNa's Theme (inst.)	2:23	오준성	시티헌터 OST Part.4	17	2014-11-01, 1:07 AM
プライド革命	3:56	CHiCO with HoneyWorks	プライド革命	16	2015-10-09, 4:26 PM
Juvenile (feat. Kagamine Rin/Len)	4:55	Dixie Flatline	Fragments	16	2012-07-09, 11:43 PM
Photograph	4:19	Ed Sheeran	x (Deluxe Edition)	16	2014-11-09, 1:29 PM
The Man	4:10	Ed Sheeran	x (Deluxe Edition)	16	2014-11-09, 1:29 PM
Suddenly	3:42	Kim Bo Kyung	시티헌터 OST Part.4	16	2014-11-01, 1:07 AM
Wolf Bite	3:50	Owl City	Ultraviolet	16	2014-11-15, 9:47 PM
プレイボール	4:36	YUKI	playball / Sakamichi no Melody	16	2014-11-04, 10:52 PM
I'm So Sexy	3:13	댄싱게놈 (유재석, JYP)	무한도전 영동고속도로 가요제	16	2015-08-22, 1:53 PM
Tomorrow feat. Hatsune Miku	4:09	八王子P	Twinkle World	16	2014-10-31, 1:46 AM
Sweet Devil (8#Prince Raver Remix)	5:00	八王子P	x x x x the ripper	16	2014-10-31, 9:02 PM
Sweetie Sweetie (feat. Hatsune Miku)	4:56	Dixie Flatline	Fragments	15	2012-07-09, 11:43 PM
EYES NOSE LIPS (Feat. 태양)	3:33	Epik High	Shoebox	15	2015-06-13, 12:57 PM
위잉위잉  	3:14	hyukoh	20	15	2015-08-11, 11:00 PM
Spectrum feat. Matthew Koma	5:59	livetune	Spectrum feat. Matthew Koma	15	2014-12-04, 5:00 PM
Dear You	5:00	livetune	To	15	2014-12-04, 4:57 PM
Hush	3:07	Miss A	Hush	15	2014-10-31, 3:02 AM
Anata no Oto	5:02	Nakajima Megumi	Macross Frontier Original Soundtrack 2 - Nyan Tora.	15	2014-11-21, 5:41 PM
Mighty Long Fall	4:03	ONE OK ROCK	35xxxv	15	2015-05-21, 3:43 PM
Shout Out	2:53	Royal Pirates	Shout Out	15	2014-10-31, 2:23 PM
Party Junkie (colate remix)	4:44	さつき が てんこもり	colate remix works	15	2015-01-27, 11:41 AM
Torinoko City	3:26	40mP	Torinoko City	15	2014-11-12, 1:02 AM
Give Love	2:57	Akdong Musician	Play	14	2014-11-01, 1:22 AM
소재 Idea	3:20	Akdong Musician	Play	14	2014-11-01, 1:22 AM
Zero To Hero	2:21	Alan Menken	Hercules (An Original Walt Disney Records Soundtrack)	14	2015-05-01, 8:22 PM
Pure Grinding	2:52	Avicii	Stories	14	2015-10-03, 3:01 AM
Gemini (feat. Kagamine Rin/Len)	5:12	Dixie Flatline	Fragments	14	2012-07-09, 11:43 PM
Even My Dad Does Sometimes	3:49	Ed Sheeran	x (Deluxe Edition)	14	2014-11-09, 1:29 PM
AMOR FATI (Feat. 김종완 of 넬)	4:53	Epik High	Shoebox	14	2015-06-13, 12:57 PM
Right Now	3:24	Psy	PSY FIVE	14	2014-11-01, 12:42 AM
미치도록	3:23	Psy	PSY FIVE	14	2014-11-01, 12:42 AM
Begin Again	3:39	Purity Ring	Another Eternity	14	2015-06-15, 3:59 PM
Stay With Me (feat. G-DRAGON)	3:23	Taeyang	Rise	14	2015-09-21, 6:30 PM
坂道のメロディ	4:44	YUKI	playball / Sakamichi no Melody	14	2014-11-04, 10:52 PM
Lucky Girl*	4:14	Yun*chi	Lucky Girl* - EP	14	2015-10-11, 6:31 PM
Wonderful Wonder World*	4:54	Yun*chi	Wonderful Wonder World* - EP	14	2015-10-11, 6:31 PM
Another World	4:26	CAPSULE	WAVE RUNNER	13	2015-06-11, 2:13 AM
irony	4:20	ClariS	ClariS ~SINGLE BEST 1st~	13	2015-05-21, 3:35 PM
삐딱하게 (Crooked)	3:45	G-Dragon	COUP D`ETAT	13	2014-11-21, 5:52 PM
결국 (Feat. ? of YG New Girl Group)	4:03	G-Dragon	One Of A Kind	13	2014-11-21, 5:53 PM
Sing 2015	5:31	Goose house	Bitter	13	2015-05-21, 3:01 PM
Tiptoe	3:13	Imagine Dragons	Night Visions	13	2014-11-01, 1:19 AM
삼촌 Uncle (feat. Lee Juck)	3:24	IU	Last Fantasy	13	2011-11-29, 5:05 AM
Monday Afternoon	4:13	IU	Monday Afternoon - EP	13	2015-07-21, 4:24 AM
Peach	3:11	IU	Spring of a Twenty Year Old	13	2014-11-02, 1:44 PM
Dear Marie	3:43	John Mayer	Paradise Valley	13	2014-12-24, 6:33 PM
What 'bout my star?@Formo	4:47	Nakajima Ai	Macross Frontier Original Soundtrack - Nyan Furo	13	2014-11-21, 5:41 PM
Pick Me Up	3:51	Perfume	Relax In The City / Pick Me Up	13	2015-05-01, 7:49 PM
What 'bout my star? (Sheryl On Stage)	5:02	Sheryl Norm starring May'n	Macross Frontier Original Soundtrack - Nyan Furo	13	2014-11-21, 5:41 PM
Iteza - Gogo 9ji - Don't be late (Sheryl On Stage)	6:02	Sheryl Norm starring May'n	Macross Frontier Original Soundtrack - Nyan Furo	13	2014-11-21, 5:41 PM
Married To The Music	3:35	SHINee	Married To The Music - The 4th Album Repackage	13	2015-08-09, 11:02 PM
Cheers	3:48	Simon Dominic	SNL League Begins	13	2014-11-01, 12:41 AM
나쁘다(feat. 진실)	4:01	Tablo	Fever's End	13	2014-11-01, 12:48 AM
고마운 숨 (feat. 얀키, 봉태규)	3:25	Tablo	Fever's End	13	2014-11-01, 12:48 AM
ME!ME!ME! Part 1	1:33	TeddyLoid	ME!ME!ME! feat. daoko - Single	13	2015-06-16, 5:50 PM
내일은 없어	3:39	Trouble Maker	Chemistry	13	2014-11-04, 10:57 PM
Test Flight Delight	2:19	Yoko Kanno	Macross Frontier Original Soundtrack 2 - Nyan Tora.	13	2014-11-21, 5:41 PM
City Hunter (inst.)	1:42	오준성	시티헌터 OST Part.4	13	2014-11-01, 1:07 AM
레옹	3:21	이유 갓지(GOD G) 않은 이유 (박명수, 아이유)	무한도전 영동고속도로 가요제	13	2015-08-22, 1:53 PM
Free	3:31	八王子P	x x x x the ripper	13	2014-10-31, 9:02 PM
A Stranger Love (feat. Sarah Chernoff) (Original Mix)	4:00	CLASSIXX	Hanging Gardens	12	2015-06-15, 4:03 PM
Crash Into Me	5:16	Dave Matthews Band	Crash	12	2015-09-28, 8:24 PM
Love Love Love	3:51	Epik High	Remapping the Human Soul	12	2015-07-26, 10:43 PM
으르렁 Growl	3:27	EXO	XOXO (Repackage)	12	2014-10-31, 3:07 AM
그XX	3:20	G-Dragon	One Of A Kind	12	2014-11-21, 5:53 PM
시간이 날 기다려 (Tik Tok) (Feat. Swings & 임성현)	3:58	Giriboy	치명적인 앨범	12	2015-08-17, 5:08 PM
Ohio	4:08	hyukoh	20	12	2015-08-11, 11:00 PM
Modern Times	3:26	IU	Modern Times	12	2014-11-02, 1:51 PM
아이야 나랑 걷자 (Feat. 최백호)	5:00	IU	Modern Times	12	2014-11-02, 1:51 PM
Brand New Day	4:08	Kim Bo Kyung	the FIRST DAY (EP)	12	2014-11-01, 12:59 AM
Mercy	3:09	Matt Nathanson	Modern Love	12	2014-11-15, 8:51 PM
Bottom Of The Sea	2:46	Matt Nathanson	Modern Love	12	2014-11-15, 8:51 PM
러버 (feat. 오혁) (Rubber)	3:28	Primary	2	12	2015-08-17, 2:47 AM
Welcome To My FanClub's Night! (Sheryl On Stage)	3:45	Sheryl Norm starring May'n	Macross Frontier Original Soundtrack - Nyan Furo	12	2014-11-21, 5:41 PM
When You Sleep (ft. Swings)	3:46	Taeyang	Solar	12	2014-11-01, 12:52 AM
Shut Up and Dance	3:19	WALK THE MOON	TALKING IS HARD	12	2015-07-09, 5:42 PM
SECRET GiRL	3:57	八王子P	ViViD WAVE	12	2014-10-31, 8:56 PM
얼음들 Melted	3:56	Akdong Musician	Play	11	2014-11-01, 1:22 AM
안녕 Don't Hate Me	3:48	Akdong Musician	Play	11	2014-11-01, 1:22 AM
Honey, I'm Good.	3:19	Andy Grammer	Magazines or Novels	11	2015-09-12, 3:28 PM
Let's Not Fall In Love	3:32	BIGBANG	M A D E - Singles	11	2015-08-05, 2:00 AM
Tripping Billies	5:00	Dave Matthews Band	Crash	11	2015-09-28, 8:24 PM
I See Fire	4:59	Ed Sheeran	x (Deluxe Edition)	11	2014-11-09, 1:29 PM
세상을 흔들어 (Shake The World)	2:55	G-Dragon	COUP D`ETAT	11	2014-11-21, 5:52 PM
Something	3:21	Girl's Day	Something	11	2014-11-12, 1:04 AM
光るなら	4:12	Goose house	Milk	11	2015-05-21, 2:57 PM
オトノナルホウヘ→	3:36	Goose house	Milk	11	2015-05-21, 2:57 PM
큰새  	3:09	hyukoh	22	11	2015-08-11, 11:00 PM
벽지무늬 Wallpaper Pattern	3:41	IU	Last Fantasy	11	2011-11-29, 5:05 AM
Teacher (feat. Ra.D)	4:01	IU	Last Fantasy	11	2011-11-29, 5:05 AM
Take Your Way (livetune Remix)	5:33	livetune	To	11	2014-12-04, 4:57 PM
Pay No Mind (feat. Passion Pit)	4:09	Madeon	Adventure (Deluxe)	11	2015-10-03, 7:29 PM
Kiss Quick	4:26	Matt Nathanson	Modern Love	11	2014-11-15, 8:51 PM
Beautiful Times (feat. Lindsey Stirling)	3:25	Owl City	Ultraviolet	11	2014-11-15, 9:47 PM
Up All Night	3:52	Owl City	Ultraviolet	11	2014-11-15, 9:47 PM
Flicker	4:39	Porter Robinson	Worlds	11	2015-01-02, 5:00 PM
마네퀸 (feat. Beenzino, 수란) (Mannequin)	3:53	Primary	2	11	2015-08-17, 2:47 AM
예술이야	4:41	Psy	PSY FIVE	11	2014-11-01, 12:42 AM
Push Pull	3:29	Purity Ring	Another Eternity	11	2015-06-15, 3:59 PM
이리 와 (Attention)	3:26	Trouble Maker	Chemistry	11	2014-11-04, 10:57 PM
Viva Namida	5:31	Yun*chi	Ani*Yun - Anime Song Cover	11	2015-10-11, 6:31 PM
Shake you*	4:55	Yun*chi	Asterisk*	11	2014-12-24, 6:40 PM
Muffler*	4:09	Yun*chi	Asterisk*	11	2014-12-24, 6:40 PM
스폰서 ($ponsor)	4:06	으뜨거따시 (하하, 자이언티)	무한도전 영동고속도로 가요제	11	2015-08-22, 1:53 PM
지하철에서 On the Subway	3:42	Akdong Musician	Play	10	2014-11-01, 1:22 AM
nexus	4:53	ClariS	ClariS ~SINGLE BEST 1st~	10	2015-05-21, 3:35 PM
꽃	3:00	IU	Flower Bookmark	10	2014-11-01, 2:14 AM
Last Fantasy	6:08	IU	Last Fantasy	10	2011-11-29, 5:05 AM
Paper Doll	4:17	John Mayer	Paradise Valley	10	2014-12-24, 6:33 PM
Sharin no uta	6:03	Kei Takebuchi	KEI's 8	10	2015-05-21, 3:48 PM
Light Song (Hiroyuki ODA remix)	8:10	livetune	RE:MIKUS	10	2014-12-04, 4:58 PM
Modern Love	3:32	Matt Nathanson	Modern Love	10	2014-11-15, 8:51 PM
Love Comes Tumbling Down	4:40	Matt Nathanson	Modern Love	10	2014-11-15, 8:51 PM
Room At The End Of The World	4:08	Matt Nathanson	Modern Love	10	2014-11-15, 8:51 PM
Ai Oboete Imasuka ~ bless the little queen	4:30	Nakajima Megumi	Macross Frontier Original Soundtrack 2 - Nyan Tora.	10	2014-11-21, 5:41 PM
Decision	3:45	ONE OK ROCK	35xxxv	10	2015-05-21, 3:43 PM
Deer In The Headlights	3:01	Owl City	All Thing Bright And Beautiful - Deluxe	10	2014-12-04, 4:54 PM
The Saltwater Room	4:03	Owl City	Ocean Eyes	10	2014-12-04, 4:52 PM
Cream On Chrome	4:16	Ratatat	Magnifique	10	2015-07-09, 2:30 PM
Drawing The Line	3:02	Royal Pirates	Drawing The Line	10	2014-10-31, 2:23 PM
Bruises (feat. Ashley Monroe)	3:52	Train	California 37	10	2015-07-12, 6:52 PM
Viva Namida	5:36	Yasuyuki Okamura	Viva Namida [Space Dandy Edition]	10	2015-09-16, 4:23 PM
Reverb*	5:36	Yun*chi	Asterisk*	10	2014-12-24, 6:40 PM
Codec	6:02	Zedd	Clarity	10	2014-11-28, 5:05 PM
양화대교 (Yanghwa Brdg)	3:49	Zion.t	양화대교 (Yanghwa Brdg) - Single	10	2015-07-26, 11:39 PM
ViViD WAVE	4:25	八王子P	ViViD WAVE	10	2014-10-31, 8:56 PM
CRAZY GiRL	4:04	八王子P	x x x x the ripper	10	2014-10-31, 9:02 PM
The Days (Henrik B Remix)	3:57	Avicii	The Days/Nights - EP	9	2015-07-27, 4:47 PM
스포일러	4:38	Epik High	Shoebox	9	2015-06-13, 12:57 PM
Up & Down	3:10	EXID	Ah Yeah	9	2015-07-02, 4:31 PM
Black(Feat. Jennie Kim of YG New Artist)	3:24	G-Dragon	COUP D`ETAT	9	2014-11-21, 5:52 PM
니가 뭔데 (Who You)	3:21	G-Dragon	COUP D`ETAT	9	2014-11-21, 5:52 PM
계획적인 여자 (Feat. Gganmo & Zico Of Block B)	3:34	Giriboy	치명적인 앨범	9	2015-08-17, 5:08 PM
Torture (feat. Eric Krasno)	3:43	Gramatik	The Age of Reason	9	2015-09-28, 9:24 AM
꿍따리 샤바라 (Feat. 클론)	3:49	IU	Flower Bookmark	9	2014-11-01, 2:14 AM
The Age of Worry	2:38	John Mayer	Born and Raised	9	2014-12-24, 6:33 PM
Something Like Olivia	3:01	John Mayer	Born and Raised	9	2014-12-24, 6:33 PM
Day by Day	3:46	Kim Bo Kyung	the FIRST DAY (EP)	9	2014-11-01, 12:59 AM
Alive (Cash Cash & Kalkutta Remix)	5:32	Krewella	Alive - Single	9	2015-07-17, 3:37 PM
Redial (feat. Hatsune Miku)	4:44	livetune	Re:Dial	9	2013-02-27, 4:04 AM
Pixel Empire	4:05	Madeon	Adventure (Deluxe)	9	2015-10-03, 7:29 PM
Aimo	1:33	Nakajima Ai	Macross Frontier Original Soundtrack - Nyan Furo	9	2014-11-21, 5:41 PM
Liar	3:37	ONE OK ROCK	Niche Syndrome	9	2015-05-21, 7:02 PM
Memories	3:22	ONE OK ROCK	35xxxv	9	2015-05-21, 3:43 PM
Fight the night	4:15	ONE OK ROCK	35xxxv	9	2015-05-21, 3:43 PM
Gold	3:56	Owl City	The Midsummer Station	9	2014-12-04, 4:46 PM
Take It All Away	3:31	Owl City	The Midsummer Station	9	2014-12-04, 4:46 PM
Hey Anna	3:52	Owl City	The Midsummer Station (Acoustic) - EP	9	2014-12-04, 4:45 PM
Make My Day!	3:44	Piko	Pikollection "Best+4"	9	2015-07-04, 5:41 PM
Divinity (feat. Amy Millan)	6:08	Porter Robinson	Worlds	9	2015-01-02, 5:00 PM
Sea of Voices	4:59	Porter Robinson	Worlds	9	2015-01-02, 5:00 PM
Fellow Feeling	5:50	Porter Robinson	Worlds	9	2015-01-02, 5:00 PM
그래서 그랬어 (feat.정엽)	4:22	Psy	PSY FIVE	9	2014-11-01, 12:42 AM
Charge	5:43	ryuryu	ephemera	9	2014-11-04, 11:02 PM
집(feat. 이소라)	4:29	Tablo	Fever's End	9	2014-11-01, 12:48 AM
Tomorrow (feat. 태양)	4:13	Tablo	Fever's End	9	2014-11-01, 12:48 AM
링가 링가 Ringa Linga	3:47	Taeyang	Rise	9	2015-09-21, 6:30 PM
Just a Feeling	3:41	Taeyang	Solar	9	2014-11-01, 12:52 AM
Believe*	5:12	Yun*chi	Asterisk*	9	2014-12-24, 6:40 PM
멋진헛간	3:58	오대천왕 (정형돈, 밴드 혁오)	무한도전 영동고속도로 가요제	9	2015-08-22, 1:53 PM
Sweet Devil	3:58	八王子P	Distorted Princess	9	2014-10-31, 8:53 PM
Carry Me Off feat. Hatsune Miku	3:36	八王子P	Twinkle World	9	2014-10-31, 1:46 AM
Dear Boy (Avicii By Avicii)	5:31	Avicii	True: Avicii By Avicii	8	2015-07-27, 4:47 PM
LOSER	3:39	BIGBANG	M A D E - Singles	8	2015-07-02, 4:25 PM
Seasons of Love (From the Motion Picture RENT)	3:03	Cast of Rent	Seasons of Love (From the Motion Picture RENT) - Single	8	2011-10-14, 7:07 AM
Kill This Love	3:54	Epik High	99	8	2015-07-26, 10:01 PM
Some Nights	4:34	Fun.	Some Nights	8	2014-12-24, 6:31 PM
Best I Ever Had	3:46	Gavin DeGraw	Make a Move	8	2015-07-12, 6:51 PM
L.I.P‚s	4:22	Goose house	Milk	8	2015-05-21, 2:57 PM
Every Night	3:36	Imagine Dragons	Night Visions	8	2014-11-01, 1:19 AM
Underdog	3:27	Imagine Dragons	Night Visions	8	2014-11-01, 1:19 AM
Wildfire	4:14	John Mayer	Paradise Valley	8	2014-12-24, 6:33 PM
sepia	3:34	livetune	Crosslight	8	2014-12-24, 6:37 PM
Tell Your World	4:16	livetune	Re:Dial	8	2014-12-04, 4:59 PM
Fantasia	5:18	livetune	To	8	2014-12-04, 4:57 PM
Triangler	5:00	Nakajima Megumi & Sheryl Nome starring May'n	Macross Frontier Original Soundtrack 2 - Nyan Tora.	8	2014-11-21, 5:41 PM
Angels	3:40	Owl City	All Thing Bright And Beautiful - Deluxe	8	2014-12-04, 4:54 PM
Dementia (feat. Mark Hoppus)	3:31	Owl City	The Midsummer Station	8	2014-12-04, 4:46 PM
Natural Light	2:21	Porter Robinson	Worlds	8	2015-01-02, 5:00 PM
내 눈에는 (feat.이재훈)	3:52	Psy	PSY FIVE	8	2014-11-01, 12:42 AM
Thank You (ft Seo In Young)	3:42	Psy	PSY FIVE	8	2014-11-01, 12:42 AM
설레인다	3:23	Psy	PSY FIVE	8	2014-11-01, 12:42 AM
H.T (From "Trigun")	3:45	Rasmus Faber	Platina Jazz: Anime Standards	8	2015-09-26, 12:26 PM
Counterclockwise	4:22	ryuryu	Homeland	8	2014-11-04, 10:59 PM
Triangular	4:39	Sakamoto Maaya	Macross Frontier Original Soundtrack - Nyan Furo	8	2014-11-21, 5:41 PM
Falling Apart	7:45	Taishi	Falling Apart	8	2014-11-28, 5:03 PM
볼륨을 높이고	3:06	Trouble Maker	Chemistry	8	2014-11-04, 10:57 PM
Fall Into the Sky (feat. Ellie Goulding)	3:37	Zedd & Lucky Date	Clarity	8	2014-11-28, 5:05 PM
Sweet Devil (colate remix)	5:10	八王子P	colate remix works	8	2015-01-27, 11:41 AM
Distorted Princess	4:16	八王子P	Distorted Princess	8	2014-10-31, 8:53 PM
Weekender Girl feat. Hatsune Miku (Hachioji P Remix)	3:50	八王子P	Twinkle World	8	2014-10-31, 1:46 AM
Go The Distance (Single)	4:42	Alan Menken	Hercules (An Original Walt Disney Records Soundtrack)	7	2015-05-01, 8:22 PM
If You	4:24	BIGBANG	M A D E - Singles	7	2015-07-01, 5:34 PM
Still Alive	3:19	BIGBANG	Still Alive (Special Edition)	7	2015-05-01, 8:45 PM
What Is Right	3:44	BIGBANG	4th Mini Album: Tonight/Love Song	7	2015-05-01, 8:47 PM
U Hoo Hoo	3:37	Block B	New Kids on the Block	7	2014-12-24, 6:23 PM
Slow Acid	3:42	Calvin Harris	Motion	7	2015-07-02, 4:48 PM
DROP	4:50	ClariS	ClariS ~SINGLE BEST 1st~	7	2015-05-21, 3:35 PM
Solo (feat. Alex)	3:53	Dynamic Duo	Last Days	7	2015-06-15, 3:38 PM
Runaway	3:25	Ed Sheeran	x (Deluxe Edition)	7	2014-11-09, 1:29 PM
milky way	4:34	emon (Tes.)	emonloid 2	7	2015-05-01, 9:15 PM
shake it!	3:46	emon (Tes.)	emonloid 4	7	2015-05-01, 9:15 PM
Hum Hallelujah	3:51	Fall Out Boy	Infinity On High	7	2015-07-07, 2:08 AM
크레용 (Crayon)	3:17	G-Dragon	One Of A Kind	7	2014-11-21, 5:53 PM
Missing You (Feat. 김윤아 of 자우림)	3:27	G-Dragon	One Of A Kind	7	2014-11-21, 5:53 PM
Today (Feat. 김종완 of Nell)	3:39	G-Dragon	One Of A Kind	7	2014-11-21, 5:53 PM
You're A Chemical (Feat. Beenzino)	2:59	Giriboy	치명적인 앨범	7	2015-08-17, 5:08 PM
HEY YOU (with Sugar Flow)	3:11	Humming Urban Stereo	SPARKLE	7	2014-12-04, 5:30 PM
SUGAR DADDY (with Soundkim)	4:08	Humming Urban Stereo	SPARKLE	7	2014-12-04, 5:30 PM
Radioactive	3:07	Imagine Dragons	Night Visions	7	2014-11-01, 1:19 AM
Amsterdam	4:02	Imagine Dragons	Night Visions	7	2014-11-01, 1:19 AM
입술 사이 (50cm)	2:51	IU	Modern Times	7	2014-11-02, 1:51 PM
분홍신	4:14	IU	Modern Times	7	2014-11-02, 1:51 PM
금요일에 만나요 Friday (feat. Jang Yi-Jeong)	3:37	IU	Modern Times – Epilogue	7	2015-07-07, 1:49 AM
봄 사랑 벚꽃 말고 Not Spring, Love, or Cherry Blossoms	3:15	IU	봄 사랑 벚꽃 말고 Not Spring, Love, or Cherry Blossoms - Single	7	2015-07-07, 1:48 AM
Speak for Me	3:45	John Mayer	Born and Raised	7	2014-12-24, 6:33 PM
Love Is a Verb	2:24	John Mayer	Born and Raised	7	2014-12-24, 6:33 PM
봄처럼 (Like a Spring)	3:57	Kim Bo Kyung	the FIRST DAY (EP)	7	2014-11-01, 12:59 AM
Panorama Future (instrumental)	6:02	livetune	Crosslight	7	2014-12-24, 6:37 PM
Weekender Girl	3:33	livetune	Re:Dial	7	2014-12-04, 4:59 PM
Take Your Way	4:35	livetune	To	7	2014-12-04, 4:57 PM
Ok	3:02	Madeon	Adventure (Deluxe)	7	2015-10-03, 7:29 PM
Faster	3:28	Matt Nathanson	Modern Love	7	2014-11-15, 8:51 PM
Million Voices	5:58	Otto Knows	Million Voices - Single	7	2015-08-13, 3:45 PM
I'm Coming After You	3:30	Owl City	The Midsummer Station	7	2014-12-04, 4:46 PM
나의 WANNA BE	3:48	Psy	PSY FIVE	7	2014-11-01, 12:42 AM
Infinity	4:08	Sheryl Norm starring May'n	Macross Frontier Original Soundtrack - Nyan Furo	7	2014-11-21, 5:41 PM
Airbag(feat. 나얼)	4:42	Tablo	Fever's End	7	2014-11-01, 12:48 AM
출처 (Scratch by DJ Tukutz)	3:49	Tablo	Fever's End	7	2014-11-01, 12:48 AM
Kiminitodoke	3:34	Yun*chi	Ani*Yun - Anime Song Cover	7	2015-10-11, 6:31 PM
Lost At Sea (feat. Ryan Tedder)	3:46	Zedd	Clarity	7	2014-11-28, 5:05 PM
Love Me Do	3:52	八王子P	Distorted Princess	7	2014-10-31, 8:53 PM
Dream Creator	3:35	八王子P	ViViD WAVE	7	2014-10-31, 8:56 PM
작은별 Little Star	3:47	Akdong Musician	Play	6	2014-11-01, 1:22 AM
I Love You	3:05	Akdong Musician	내 연애의 모든 것 OST Part 3	6	2014-11-01, 1:31 AM
Chicago, Pills, Memories	2:56	Art-School	BABY ACID BABY	6	2015-05-01, 8:35 PM
After Dark	3:15	ASIAN KUNG-FU GENERATION	Best Hit AKG	6	2015-07-07, 2:29 AM
Waiting For Love	3:51	Avicii	Stories	6	2015-10-03, 3:01 AM
I Could Be the One (Avicii vs Nicky Romero) [Nicktim - Mix]	7:36	Avicii & Nicky Romero	I Could Be the One (Avicii vs Nicky Romero) [Remixes]	6	2015-07-27, 4:47 PM
Ain't No Fun	3:42	BIGBANG	Alive	6	2015-05-01, 8:39 PM
BAE BAE	2:49	BIGBANG	M A D E - Singles	6	2015-07-02, 4:25 PM
Monster	3:51	BIGBANG	Still Alive (Special Edition)	6	2015-05-01, 8:45 PM
Feeling	3:36	BIGBANG	Still Alive (Special Edition)	6	2015-05-01, 8:45 PM
Blame (feat. John Newman)	3:33	Calvin Harris	Motion	6	2015-07-02, 4:48 PM
HOME	2:18	capsule	CAPS LOCK	6	2015-05-01, 8:51 PM
REALiTY	4:42	capsule	Sugarless GiRL	6	2015-05-01, 9:07 PM
One	4:13	Ed Sheeran	x (Deluxe Edition)	6	2014-11-09, 1:29 PM
Nina	3:46	Ed Sheeran	x (Deluxe Edition)	6	2014-11-09, 1:29 PM
Thinking Out Loud	4:42	Ed Sheeran	x (Deluxe Edition)	6	2014-11-09, 1:29 PM
Take It Back	3:28	Ed Sheeran	x (Deluxe Edition)	6	2014-11-09, 1:29 PM
Thnks Fr Th Mmrs	3:24	Fall Out Boy	Infinity On High	6	2015-07-07, 2:08 AM
A Boy (소년이여)	3:29	G-Dragon	Heartbreaker	6	2015-07-26, 9:19 PM
I Bet My Life (Lost Kings Remix)	3:59	Imagine Dragons	I Bet My Life (Remixes) - EP	6	2015-10-03, 5:46 PM
Demons	2:55	Imagine Dragons	Night Visions	6	2014-11-01, 1:19 AM
Everything's Allright (feat. Kim Hyun-Cheol)	3:33	IU	Last Fantasy	6	2011-11-29, 5:05 AM
을의 연애 (With 박주원)	3:11	IU	Modern Times	6	2014-11-02, 1:51 PM
Packaged	4:58	livetune	Re:Dial	6	2014-12-04, 4:59 PM
ファインダー (kz's DSLR remix)	5:48	livetune	RE:MIKUS	6	2014-12-04, 4:58 PM
Run (Feat. Jennifer Nettles And Kristian Bush)	4:09	Matt Nathanson	Modern Love	6	2014-11-15, 8:51 PM
Aimo ~ Tori no Hito	3:36	Nakajima Ai	Macross Frontier Original Soundtrack - Nyan Furo	6	2014-11-21, 5:41 PM
Take me to the top	3:16	ONE OK ROCK	35xxxv	6	2015-05-21, 3:43 PM
Heartache	4:25	ONE OK ROCK	35xxxv	6	2015-05-21, 3:43 PM
Honey and The Bee	3:45	Owl City	All Thing Bright And Beautiful - Deluxe	6	2014-12-04, 4:54 PM
Galaxies	4:03	Owl City	All Thing Bright And Beautiful - Deluxe	6	2014-12-04, 4:54 PM
The Yacht Club	4:33	Owl City	All Thing Bright And Beautiful - Deluxe	6	2014-12-04, 4:54 PM
Good Time (Acoustic)	3:36	Owl City	The Midsummer Station (Acoustic) - EP	6	2014-12-04, 4:45 PM
Divinity (feat. Amy Millan) [filous Remix]	4:07	Porter Robinson	Divinity (filous Remix) [feat. Amy Millan] - Single	6	2015-07-02, 4:43 PM
Hear the Bells (feat. Imaginary Cities)	4:46	Porter Robinson	Worlds	6	2015-01-02, 5:00 PM
Diamond Crevasse	5:58	Sheryl Norm starring May'n	Macross Frontier Original Soundtrack - Nyan Furo	6	2014-11-21, 5:41 PM
밑바닥에서(feat. Bumkey)	3:26	Tablo	Fever's End	6	2014-11-01, 12:48 AM
Take It Slow	4:21	Taeyang	Solar	6	2014-11-01, 12:52 AM
I'll Be There	3:16	Taeyang	Solar	6	2014-11-01, 12:52 AM
Waon* with IroKokoro Project	3:42	Yun*chi	Asterisk*	6	2014-12-24, 6:40 PM
Your song*	4:49	Yun*chi	Asterisk*	6	2014-12-24, 6:40 PM
Guruguru*	3:45	Yun*chi	Yun*chi	6	2014-12-24, 6:40 PM
Surfer*	4:10	Yun*chi	Yun*chi	6	2014-12-24, 6:40 PM
Epos	5:36	Zedd	Clarity	6	2014-11-28, 5:07 PM
Breathe	4:19	Alexi Murdoch	Time Without Consequence	5	2015-05-01, 8:27 PM
The Nights (Avicii By Avicii)	4:23	Avicii	The Nights (Avicii By Avicii) - Single	5	2015-07-27, 4:53 PM
Wake Me Up (Avicii By Avicii)	7:06	Avicii	True: Avicii By Avicii	5	2015-07-27, 4:47 PM
Ego	3:25	BIGBANG	Still Alive (Special Edition)	5	2015-05-01, 8:45 PM
Somebody To Love	3:31	BIGBANG	4th Mini Album: Tonight/Love Song	5	2015-05-01, 8:47 PM
Stupid Liar	3:55	BIGBANG	4th Mini Album: Tonight/Love Song	5	2015-05-01, 8:47 PM
Freeze!	3:26	Block B	New Kids on the Block	5	2014-12-24, 6:23 PM
Summer	3:43	Calvin Harris	Motion	5	2015-07-02, 4:48 PM
Get Lucky (feat. Pharrell Williams & Nile Rodgers)	6:10	Daft Punk	Random Access Memories	5	2015-07-17, 3:35 PM
Sing	3:55	Ed Sheeran	x (Deluxe Edition)	5	2014-11-09, 1:29 PM
Bloodstream	5:00	Ed Sheeran	x (Deluxe Edition)	5	2014-11-09, 1:29 PM
Heart Beats -8#Prince	6:35	emon (Tes.)	emonloid 3	5	2015-05-01, 9:15 PM
춥다 It's Cold (feat. Lee Hi)	4:11	Epik High	99	5	2015-07-26, 10:01 PM
Don't You Know Who I Think I Am?	2:52	Fall Out Boy	Infinity On High	5	2015-07-07, 2:08 AM
On Top of the World	3:10	Imagine Dragons	Night Visions	5	2014-11-01, 1:19 AM
Hear Me	3:52	Imagine Dragons	Night Visions	5	2014-11-01, 1:19 AM
누구나 비밀은 있다 (Feat. 가인 of Brown Eyed Girls)	3:49	IU	Modern Times	5	2014-11-02, 1:51 PM
Lonely Day	3:40	J-심포니	시티헌터 OST Part.4	5	2014-11-01, 1:07 AM
Born and Raised	4:48	John Mayer	Born and Raised	5	2014-12-24, 6:33 PM
Waitin' On The Day	4:33	John Mayer	Paradise Valley	5	2014-12-24, 6:33 PM
完全感覚Dreamer	4:12	ONE OK ROCK	Niche Syndrome	5	2015-05-21, 7:02 PM
Wherever you are	4:56	ONE OK ROCK	Niche Syndrome	5	2015-05-21, 7:02 PM
Stuck in the middle	3:33	ONE OK ROCK	35xxxv	5	2015-05-21, 3:43 PM
Shooting Star	4:07	Owl City	The Midsummer Station	5	2014-12-04, 4:46 PM
Speed of Love	3:28	Owl City	The Midsummer Station	5	2014-12-04, 4:46 PM
Two Worlds (Soundtrack Version)	3:18	Phil Collins	Tarzan (Soundtrack from the Motion Picture)	5	2015-07-02, 4:36 PM
Sad Machine	5:50	Porter Robinson	Worlds	5	2015-01-02, 5:00 PM
Fresh Static Snow	5:58	Porter Robinson	Worlds	5	2015-01-02, 5:00 PM
Lionhearted (feat. Urban Cone)	4:26	Porter Robinson	Worlds	5	2015-01-02, 5:00 PM
Stay Cool (feat. Zion.T)	4:35	Simon Dominic	SNL League Begins	5	2014-11-01, 12:41 AM
유통기한	3:59	Tablo	Fever's End	5	2014-11-01, 12:48 AM
Secrets (Radio Edit) [feat. Vassy]	3:37	Tiësto & KSHMR	Secrets (Radio Edit) [feat. Vassy] - Single	5	2015-10-04, 12:27 PM
Vital Force	2:47	Yoko Kanno	Macross Frontier Original Soundtrack - Nyan Furo	5	2014-11-21, 5:41 PM
Kira Kira	2:37	Yoko Kanno	Macross Frontier Original Soundtrack - Nyan Furo	5	2014-11-21, 5:41 PM
CHE.R.RY	3:36	YUI	CAN'T BUY MY LOVE	5	2015-05-21, 6:26 PM
Goodbye Days	4:30	YUI	CAN'T BUY MY LOVE	5	2015-05-21, 6:26 PM
Feel My Soul	3:49	YUI	FROM ME TO YOU	5	2015-05-21, 7:09 PM
Hello	3:36	YUI	HOW CRAZY YOUR LOVE	5	2015-05-21, 7:19 PM
Fantasize*	4:44	Yun*chi	Asterisk*	5	2014-12-24, 6:40 PM
Mekurumekuru*	4:59	Yun*chi	Yun*chi	5	2014-12-24, 6:40 PM
Hourglass (feat. LIZ)	5:13	Zedd	Clarity	5	2014-11-28, 5:05 PM
Clarity (feat. Foxes)	4:31	Zedd	Clarity	5	2014-11-28, 5:05 PM
Mad Lovers	4:37	八王子P	Whiteout	5	2014-10-31, 8:59 PM
エレクトリック・ラブ -Electric Re：Edit-	5:20	八王子P	Whiteout	5	2014-10-31, 8:59 PM
Into (Thank You & You)	1:35	BIGBANG	4th Mini Album: Tonight/Love Song	4	2015-05-01, 8:47 PM
Love Song	3:46	BIGBANG	4th Mini Album: Tonight/Love Song	4	2015-05-01, 8:47 PM
Halo	3:52	Block B	New Kids on the Block	4	2014-12-24, 6:23 PM
Tell Them	3:32	Block B	New Kids on the Block	4	2014-12-24, 6:23 PM
I Need Your Love (feat. Ellie Goulding)	3:55	Calvin Harris	18 Months	4	2015-07-02, 4:49 PM
Sweet Nothing (feat. Florence Welch)	3:33	Calvin Harris	18 Months	4	2015-07-02, 4:49 PM
コネクト	4:30	ClariS	ClariS ~SINGLE BEST 1st~	4	2015-05-21, 3:35 PM
Just Be Friends (feat. Megurie Luka)	5:01	Dixie Flatline	Just Be Friends - EP	4	2012-03-16, 5:34 AM
날개뼈 (Hot Wings) (Feat. 효린 of Sistar)	4:56	Dynamic Duo	7집 LUCKYNUMBERS	4	2015-06-15, 3:28 PM
Don't	3:40	Ed Sheeran	x (Deluxe Edition)	4	2014-11-09, 1:29 PM
Dance, Dance	3:00	Fall Out Boy	From Under the Cork Tree	4	2015-07-07, 2:08 AM
1 Year (1년 정거장)	4:05	G-Dragon	Heartbreaker	4	2015-07-26, 9:19 PM
얼굴에 다 써있네요 (Feat. Uglyduck)	3:51	Giriboy	치명적인 앨범	4	2015-08-17, 5:08 PM
恋するMerry-Go-Round	4:37	Goose house	Milk	4	2015-05-21, 2:57 PM
Just Jammin'	6:30	Gramatik	SB#2	4	2015-09-28, 9:21 AM
Bleeding Out	3:41	Imagine Dragons	Night Visions	4	2014-11-01, 1:19 AM
삐에로는 우릴 보고 웃지	3:54	IU	Flower Bookmark	4	2014-11-01, 2:14 AM
너의 의미 (Feat. 김창완)	3:16	IU	Flower Bookmark	4	2014-11-01, 2:14 AM
4:00 AM	3:02	IU	Last Fantasy	4	2011-11-29, 5:05 AM
Walt Grace's Submarine Test, January 1967	5:08	John Mayer	Born and Raised	4	2014-12-24, 6:33 PM
Magnetic	5:01	livetune	Re:Dial	4	2014-12-04, 4:59 PM
Fly Out	4:38	livetune	Re:Dial	4	2014-12-04, 4:59 PM
Transfer	5:20	livetune	To	4	2014-12-04, 4:57 PM
Suddenly	3:03	ONE OK ROCK	35xxxv	4	2015-05-21, 3:43 PM
Hello Seattle (Remix)	5:54	Owl City	Ocean Eyes	4	2014-12-04, 4:52 PM
Polygon Dust (feat. Lemaitre)	3:29	Porter Robinson	Worlds	4	2015-01-02, 5:00 PM
Goodbye To a World	5:28	Porter Robinson	Worlds	4	2015-01-02, 5:00 PM
Chiisana Tenohira (From "Clannad - After Story")	4:05	Rasmus Faber	Platina Jazz: Anime Standards	4	2015-09-26, 12:26 PM
Hyadain's Kakakata Kataomoi-C (From "Nichijou")	4:15	Rasmus Faber	Platina Jazz: Anime Standards	4	2015-09-26, 12:35 PM
Shinkuu no Diamond Crevasse	5:03	Sheryl Nome starring May'n	Macross Frontier Original Soundtrack 2 - Nyan Tora.	4	2014-11-21, 5:41 PM
Nyan Nyan Service Medley~Lion~Infinity~Watashi no Kare wa Pirate~Diamond Cravesse~Seikan Hikou~What 'bout my star?~Lion~Ai Oboete Imasuka~	7:29	Sheryl Nome starring May'n & Nakajima Megumi & Sakamoto Maaya	Macross Frontier Original Soundtrack 2 - Nyan Tora.	4	2014-11-21, 5:41 PM
Samurai Heart (Some Like It Hot!!) (サムライハート)	3:12	SPYAIR	BEST	4	2015-05-21, 3:40 PM
Dear TV . 해열	2:58	Tablo	Fever's End	4	2014-11-01, 12:48 AM
Intro - Rise	1:45	Taeyang	Rise	4	2015-09-21, 6:30 PM
I Need a Girl (ft. GD)	3:39	Taeyang	Solar	4	2014-11-01, 12:52 AM
Wedding Dress	4:03	Taeyang	Solar	4	2014-11-01, 12:52 AM
Zero Hour	3:05	Yoko Kanno	Macross Frontier Original Soundtrack - Nyan Furo	4	2014-11-21, 5:41 PM
Innocent green	2:48	Yoko Kanno	Macross Frontier Original Soundtrack - Nyan Furo	4	2014-11-21, 5:41 PM
Big Boys	1:19	Yoko Kanno	Macross Frontier Original Soundtrack - Nyan Furo	4	2014-11-21, 5:41 PM
Private Army	2:31	Yoko Kanno	Macross Frontier Original Soundtrack - Nyan Furo	4	2014-11-21, 5:41 PM
Alto's Theme	2:04	Yoko Kanno	Macross Frontier Original Soundtrack - Nyan Furo	4	2014-11-21, 5:41 PM
TALLY HO!	4:33	Yoko Kanno	Macross Frontier Original Soundtrack - Nyan Furo	4	2014-11-21, 5:41 PM
The Target	5:53	Yoko Kanno	Macross Frontier Original Soundtrack - Nyan Furo	4	2014-11-21, 5:41 PM
Bajura	2:13	Yoko Kanno	Macross Frontier Original Soundtrack - Nyan Furo	4	2014-11-21, 5:41 PM
Take Off	1:49	Yoko Kanno	Macross Frontier Original Soundtrack - Nyan Furo	4	2014-11-21, 5:41 PM
Battle Frontier	6:04	Yoko Kanno	Macross Frontier Original Soundtrack 2 - Nyan Tora.	4	2014-11-21, 5:41 PM
Gloria	3:42	YUI	HOLIDAYS IN THE SUN	4	2015-05-21, 7:11 PM
Babay (Feat. Gaeko of Dynamic Duo)	4:06	Zion.T	Red Light	4	2014-11-25, 11:57 PM
Click Me (2013) (Feat. Dok2)	3:01	Zion.T	Red Light	4	2014-11-25, 11:57 PM
맙소사	3:12	황태지 (황광희, 태양, 지드래곤)	무한도전 영동고속도로 가요제	4	2015-08-22, 1:53 PM
Happy End	2:17	Akihiko Matsumoto	Summer Wars Original Soundtrack	3	2015-05-01, 8:19 PM
X You	6:52	Avicii	X You	3	2015-05-01, 8:36 PM
Fantastic Baby	3:51	BIGBANG	Alive	3	2015-05-01, 8:39 PM
High High	3:07	BIGBANG	GD & TOP	3	2015-05-01, 8:45 PM
빙글빙글	3:01	BIGBANG	Still Alive (Special Edition)	3	2015-05-01, 8:45 PM
Tonight	3:40	BIGBANG	4th Mini Album: Tonight/Love Song	3	2015-05-01, 8:47 PM
Cafe	3:41	BIGBANG	4th Mini Album: Tonight/Love Song	3	2015-05-01, 8:47 PM
보기 드문 여자	3:11	Block B	HER	3	2015-01-20, 1:24 PM
LOL	2:24	Block B	Welcome To The Block	3	2014-12-24, 6:23 PM
Stay with You	5:24	capsule	PLAYER	3	2015-05-01, 9:04 PM
The Music	7:36	capsule	PLAYER	3	2015-05-01, 9:04 PM
Break the Rules (Tiësto Remix)	4:25	Charli XCX	Break the Rules (Remixes) - Single	3	2015-10-04, 12:29 PM
Hurts Like Heaven	4:02	Coldplay	Mylo Xyloto	3	2015-05-01, 9:13 PM
too Cute	4:51	emon (Tes.)	emonloid 3	3	2015-05-01, 9:15 PM
Thriller	3:30	Fall Out Boy	Infinity On High	3	2015-07-07, 2:08 AM
A Face to Call Home	4:45	John Mayer	Born and Raised	3	2014-12-24, 6:33 PM
Who You Love	4:10	John Mayer	Paradise Valley	3	2014-12-24, 6:33 PM
Badge And Gun	3:12	John Mayer	Paradise Valley	3	2014-12-24, 6:33 PM
Alive	4:51	Krewella	Alive - Single	3	2015-07-17, 3:38 PM
Last Night, Good Night (Re:Dialed)	6:24	livetune	Re:Dial	3	2014-12-04, 4:59 PM
Sign	4:13	livetune	To	3	2014-12-04, 4:57 PM
Son of Man	2:44	Phil Collins	Tarzan (Soundtrack from the Motion Picture)	3	2015-07-02, 4:36 PM
Trashin' the Camp	2:15	Phil Collins & Rosie O'Donnell	Tarzan (Soundtrack from the Motion Picture)	3	2015-07-02, 4:36 PM
Yousei	5:16	Sheryl Nome starring May'n	Macross Frontier Original Soundtrack 2 - Nyan Tora.	3	2014-11-21, 5:41 PM
밀물 (Scratch by DJ Friz)	4:22	Tablo	Fever's End	3	2014-11-01, 12:48 AM
Awake	4:44	Tycho	Awake	3	2015-10-07, 1:52 PM
Prologue F	1:41	Yoko Kanno	Macross Frontier Original Soundtrack 2 - Nyan Tora.	3	2014-11-21, 5:41 PM
Transformation	2:29	Yoko Kanno	Macross Frontier Original Soundtrack 2 - Nyan Tora.	3	2014-11-21, 5:41 PM
is this LOVE?	2:31	Yoko Kanno	Macross Frontier Original Soundtrack 2 - Nyan Tora.	3	2014-11-21, 5:41 PM
shadow of Michael	3:47	Yoko Kanno	Macross Frontier Original Soundtrack 2 - Nyan Tora.	3	2014-11-21, 5:41 PM
Protoculture	1:35	Yoko Kanno	Macross Frontier Original Soundtrack 2 - Nyan Tora.	3	2014-11-21, 5:41 PM
It's All Right	3:37	YUI	CAN'T BUY MY LOVE	3	2015-05-21, 6:26 PM
Thank You My Teens	2:58	YUI	CAN'T BUY MY LOVE	3	2015-05-21, 6:26 PM
Merry Go Round	3:52	YUI	FROM ME TO YOU	3	2015-05-21, 7:09 PM
Tomorrow's Way	4:48	YUI	FROM ME TO YOU	3	2015-05-21, 7:09 PM
Tokyo	4:03	YUI	FROM ME TO YOU	3	2015-05-21, 7:09 PM
Spiral & Escape	3:27	YUI	FROM ME TO YOU	3	2015-05-21, 7:09 PM
Again	4:16	YUI	HOLIDAYS IN THE SUN	3	2015-05-21, 7:11 PM
Catch You Catch Me	3:42	Yun*chi	Ani*Yun - Anime Song Cover	3	2015-10-11, 6:31 PM
Shave It Up	3:11	Zedd	Clarity	3	2014-11-28, 5:05 PM
Stache	4:05	Zedd	Clarity	3	2014-11-28, 5:05 PM
Dreamer	3:41	AiRI	Dreamer	2	2015-05-01, 8:11 PM
Overture Of The Summer Wars	4:41	Akihiko Matsumoto	Summer Wars Original Soundtrack	2	2015-05-01, 8:19 PM
The Summer Wars	1:53	Akihiko Matsumoto	Summer Wars Original Soundtrack	2	2015-05-01, 8:19 PM
Kokuhaku	4:20	Angela Aki	Blue	2	2015-05-01, 8:33 PM
Cry	5:13	Angela Aki	Blue	2	2015-05-01, 8:33 PM
Wake Me Up	4:07	Avicii	TRUE	2	2015-05-01, 8:36 PM
Daniel In The Den	3:09	Bastille	Bad Blood	2	2015-05-01, 8:38 PM
Hands Up	3:54	BIGBANG	4th Mini Album: Tonight/Love Song	2	2015-05-01, 8:47 PM
Outside (feat. Ellie Goulding)	3:47	Calvin Harris	Motion	2	2015-07-02, 4:48 PM
We Found Love (feat. Rihanna)	3:36	Calvin Harris	18 Months	2	2015-07-02, 4:49 PM
Hanging Gardens (Original Mix)	5:24	CLASSIXX	Hanging Gardens	2	2015-06-15, 4:03 PM
Paradise	4:39	Coldplay	Mylo Xyloto	2	2015-05-01, 9:13 PM
Every Teardrop Is a Waterfall	4:01	Coldplay	Mylo Xyloto	2	2015-05-01, 9:13 PM
Doin' It Right (feat. Panda Bear)	4:11	Daft Punk	Random Access Memories	2	2015-07-17, 3:35 PM
Drive In Drive Out	5:55	Dave Matthews Band	Crash	2	2015-09-28, 8:24 PM
Our Lawyer Made Us Change the Name of This Song So We Wouldn't Get Sued	3:09	Fall Out Boy	From Under the Cork Tree	2	2015-07-07, 2:08 AM
Sugar, We're Goin Down	3:49	Fall Out Boy	From Under the Cork Tree	2	2015-07-07, 2:08 AM
Hello (feat. Dara)	3:20	G-Dragon	Heartbreaker	2	2015-07-26, 9:19 PM
Thousand Enemies	4:48	Girls Dead Monster	Keep The Beats!	2	2015-05-21, 3:28 PM
Nothing Left to Say / Rocks	8:56	Imagine Dragons	Night Visions	2	2014-11-01, 1:19 AM
Voice Mail (Korean Ver.)	4:06	IU	Modern Times	2	2014-11-02, 1:51 PM
Queen of California	4:10	John Mayer	Born and Raised	2	2014-12-24, 6:33 PM
COSMiCA	5:08	livetune	Crosslight	2	2014-12-24, 6:37 PM
Bad Girl Good Girl	3:36	Miss A	Bad But Good	2	2015-07-02, 4:24 PM
Welcome to the Black Parade	5:11	My Chemical Romance	The Black Parade	2	2015-09-09, 6:56 PM
混雑コミュニケーション	3:19	ONE OK ROCK	Niche Syndrome	2	2015-05-21, 7:02 PM
Riot!!	4:16	ONE OK ROCK	Niche Syndrome	2	2015-05-21, 7:02 PM
未完成交響曲	3:28	ONE OK ROCK	Niche Syndrome	2	2015-05-21, 7:02 PM
Strangers Like Me	3:01	Phil Collins	Tarzan (Soundtrack from the Motion Picture)	2	2015-07-02, 4:36 PM
You'll Be In My Heart (Phil Collins Version)	4:17	Phil Collins	Tarzan (Soundtrack from the Motion Picture)	2	2015-07-02, 4:36 PM
Two Worlds (Phil Collins Version)	2:42	Phil Collins	Tarzan (Soundtrack from the Motion Picture)	2	2015-07-02, 4:36 PM
Trashin' the Camp	2:22	Phil Collins & *NSYNC	Tarzan (Soundtrack from the Motion Picture)	2	2015-07-02, 4:36 PM
You'll Be In My Heart (Soundtrack Version)	1:37	Phil Collins & Glenn Close	Tarzan (Soundtrack from the Motion Picture)	2	2015-07-02, 4:36 PM
Language	6:08	Porter Robinson	Language - Single	2	2015-07-02, 4:43 PM
Nazonazo	5:44	RADWIMPS	Altcolony no Teiri	2	2014-06-25, 8:47 PM
A Town With an Ocean View (From "Kiki's Delivery Service")	3:14	Rasmus Faber	Platina Jazz: Anime Standards	2	2015-09-26, 12:26 PM
새벽한시 1AM	3:12	Taeyang	Rise	2	2015-09-21, 6:30 PM
Break Down	4:04	Taeyang	Solar	2	2014-11-01, 12:52 AM
Fly Away	4:23	Taku Takahashi	Panty & Stocking with Garterbelt The Original Soundtrack	2	2015-05-01, 8:10 PM
See	5:18	Tycho	Awake	2	2015-10-07, 1:52 PM
See (Beacon Remix)	3:54	Tycho	Awake	2	2015-10-07, 1:52 PM
High School Life	1:19	Yoko Kanno	Macross Frontier Original Soundtrack 2 - Nyan Tora.	2	2014-11-21, 5:41 PM
Inu Mimi Ranka	1:48	Yoko Kanno	Macross Frontier Original Soundtrack 2 - Nyan Tora.	2	2014-11-21, 5:41 PM
Tsuioku no Trumpet	1:36	Yoko Kanno	Macross Frontier Original Soundtrack 2 - Nyan Tora.	2	2014-11-21, 5:41 PM
How crazy	3:38	YUI	CAN'T BUY MY LOVE	2	2015-05-21, 6:26 PM
Skyline	3:53	YUI	MY SHORT STORIES	2	2015-05-21, 7:05 PM
dual*	4:32	Yun*chi	Asterisk*	2	2014-12-24, 6:40 PM
Follow You Down (feat. Bright Lights)	5:47	Zedd	Clarity	2	2014-11-28, 5:05 PM
Hate You	3:33	2NE1	2NE1 2nd Mini Album - EP	2	2015-07-26, 9:43 PM
Don't Stop the Music	3:50	2NE1	2NE1 2nd Mini Album - EP	2	2015-07-26, 9:43 PM
Go The Distance	3:15	Alan Menken	Hercules (An Original Walt Disney Records Soundtrack)	1	2015-05-01, 8:22 PM
I Won't Say (I'm In Love)	2:20	Alan Menken	Hercules (An Original Walt Disney Records Soundtrack)	1	2015-05-01, 8:22 PM
All My Days	4:57	Alexi Murdoch	Time Without Consequence	1	2015-05-01, 8:27 PM
Talk To Myself	3:56	Avicii	Stories	1	2015-10-03, 3:01 AM
You Make Me	3:53	Avicii	TRUE	1	2015-05-01, 8:36 PM
Flaws	3:39	Bastille	Bad Blood	1	2015-05-01, 8:38 PM
Love Dust	3:52	BIGBANG	Alive	1	2015-05-01, 8:39 PM
Halo	3:51	Block B	Blockbuster	1	2014-12-24, 6:14 PM
Wanna B	3:12	Block B	New Kids on the Block	1	2014-12-24, 6:23 PM
Thumbs Up (Feat. 김소리) 	3:08	Crispi Crunch	Thumbs Up	1	2015-05-01, 9:13 PM
Heart Beats feat 向日葵	5:02	emon (Tes.)	emonloid 2	1	2015-05-01, 9:15 PM
X Jigen e Youkoso	4:48	Etsuko Yakushimaru	X Jigen e Youkoso/Zettai Monsieur Sei	1	2015-09-16, 4:23 PM
The Take Over, the Breaks Over	3:34	Fall Out Boy	Infinity On High	1	2015-07-07, 2:08 AM
She Is	3:57	The Fray	How to Save a Life	1	2015-07-12, 6:50 PM
Over My Head (Cable Car)	3:56	The Fray	How to Save a Life	1	2015-07-12, 6:50 PM
How to Save a Life	4:23	The Fray	How to Save a Life	1	2015-07-12, 6:50 PM
Fall Away	4:24	The Fray	How to Save a Life	1	2015-07-12, 6:50 PM
Look After You	4:27	The Fray	How to Save a Life	1	2015-07-12, 6:50 PM
Hundred	4:13	The Fray	How to Save a Life	1	2015-07-12, 6:50 PM
Heartbreaker	3:23	G-Dragon	Heartbreaker	1	2015-07-26, 9:19 PM
Breathe	3:27	G-Dragon	Heartbreaker	1	2015-07-26, 9:19 PM
Sing	4:20	Goose house	Phrase #01	1	2015-05-26, 12:56 PM
initial song	4:41	livetune	Crosslight	1	2014-12-24, 6:37 PM
Crosslight	5:26	livetune	Crosslight	1	2014-12-24, 6:37 PM
ファインダー	5:12	livetune feat. 初音ミク	Re:Dial	1	2014-12-04, 4:59 PM
Teenagers	2:42	My Chemical Romance	The Black Parade	1	2015-09-09, 6:56 PM
Never Let This Go	4:18	ONE OK ROCK	Niche Syndrome	1	2015-05-21, 7:02 PM
Folkin' Around	1:55	Panic! At the Disco	Pretty. Odd. (Deluxe Version)	1	2015-10-03, 8:59 PM
Oshakashama	3:47	RADWIMPS	Altcolony no Teiri	1	2014-06-25, 8:47 PM
Bagpipe	2:44	RADWIMPS	Altcolony no Teiri	1	2014-06-25, 8:47 PM
Nanoka	6:29	RADWIMPS	Altcolony no Teiri	1	2014-06-25, 8:47 PM
One Man Live	4:40	RADWIMPS	Altcolony no Teiri	1	2014-06-25, 8:47 PM
Amaotoko	3:49	RADWIMPS	Altcolony no Teiri	1	2014-06-25, 8:47 PM
Order-made	5:54	RADWIMPS	Altcolony no Teiri	1	2014-06-25, 8:47 PM
Magic Mirror	3:17	RADWIMPS	Altcolony no Teiri	1	2014-06-25, 8:47 PM
Samishii Boku	4:21	RADWIMPS	Radwimps	1	2014-06-25, 8:47 PM
LIAR	3:15	SPYAIR	BEST	1	2015-05-21, 3:40 PM
Dye	5:17	Tycho	Awake	1	2015-10-07, 1:52 PM
I Remember You	4:06	YUI	CAN'T BUY MY LOVE	1	2015-05-21, 6:26 PM
Ready To Love	3:53	YUI	FROM ME TO YOU	1	2015-05-21, 7:09 PM
Driving today	3:09	YUI	MY SHORT STORIES	1	2015-05-21, 7:05 PM